date,AnswerCount
2017-01-18,10099
2019-08-29,7651
2015-09-28,8921
2015-09-30,10032
2011-11-17,8642
2013-05-16,11102
2018-04-05,9200
2010-11-11,5738
2018-04-12,9228
2013-06-02,4769
2019-10-01,7473
2011-12-23,5825
2015-11-02,9192
2014-08-09,4600
2015-11-03,10126
2018-05-09,8423
2014-08-18,8528
2017-02-20,9720
2014-09-02,9231
2013-07-23,11705
2019-08-19,6852
2015-09-23,10238
2019-08-28,7775
2017-04-28,9186
2013-11-20,11969
2015-07-24,10015
2020-09-23,7678
2020-01-11,3916
2014-11-11,9910
2017-04-30,4566
2012-06-02,4277
2020-02-14,7275
2013-08-09,9631
2010-06-08,4578
2014-07-06,4332
2011-11-27,4103
2011-12-06,8172
2017-04-29,4764
2010-08-15,2269
2013-12-23,8393
2010-04-28,4487
2010-06-10,4800
2017-08-27,4222
2018-12-16,3977
2010-07-31,2249
2010-08-17,5413
2010-09-03,4655
2014-11-28,7798
2011-05-23,7106
2013-10-16,11159
2011-06-02,7056
2018-10-17,8594
2017-11-03,8578
2015-02-04,10563
2018-01-08,7179
2011-04-03,3765
2017-07-24,9139
2017-08-01,9970
2018-04-22,4252
2014-08-02,4646
2019-10-18,7558
2014-10-16,9973
2017-02-14,10335
2018-07-16,7816
2014-10-08,9662
2012-04-20,8697
2016-03-09,11173
2011-02-19,3649
2020-02-13,8463
2018-10-26,7824
2017-07-05,9903
2012-11-09,9125
2015-03-26,10141
2020-05-09,6495
2019-02-22,8307
2020-06-29,7781
2020-07-17,7677
2015-06-20,4937
2014-06-11,10094
2014-12-15,8951
2015-06-27,5096
2010-04-02,2981
2019-05-18,3660
2015-07-07,11046
2018-12-24,4490
2019-01-02,6488
2012-11-10,4786
2018-06-19,8435
2016-06-11,4828
2014-01-17,11337
2019-12-07,3970
2019-12-08,3875
2010-10-06,5092
2010-10-07,5057
2011-01-25,6581
2017-12-08,7825
2013-02-11,9482
2010-08-10,5216
2019-03-11,7994
2017-04-21,9760
2012-05-15,9352
2016-10-08,4966
2015-02-22,5237
2018-11-27,8102
2012-09-20,9361
2020-04-22,8960
2016-02-04,11023
2013-09-28,5429
2016-07-14,10072
2017-10-26,9504
2018-11-20,8078
2011-09-29,7265
2012-06-27,9847
2015-07-17,9410
2014-09-21,4633
2015-07-22,11509
2017-05-25,9407
2018-01-27,4544
2019-12-25,3654
2014-12-16,9661
2019-01-19,4119
2014-01-09,12222
2017-06-28,9926
2020-03-19,7009
2016-05-08,4878
2016-04-04,9828
2015-04-13,9524
2013-12-05,12264
2020-06-22,8165
2013-01-16,10669
2015-05-08,9975
2014-03-18,12379
2013-01-17,10192
2018-01-02,6685
2013-02-20,11246
2020-10-18,4271
2019-06-12,8103
2020-10-25,4293
2020-12-07,6809
2015-08-26,10690
2015-08-27,10845
2020-12-17,7131
2019-07-25,8306
2021-01-01,3568
2015-09-13,4805
2017-02-21,10851
2018-05-25,8043
2015-11-28,5108
2012-07-29,4371
2013-07-22,10337
2012-02-29,9161
2014-09-12,9304
2020-03-10,7470
2018-06-12,8389
2012-03-26,8631
2014-03-01,6629
2020-05-17,6289
2011-02-18,6500
2012-09-03,7343
2011-03-16,7810
2017-11-02,8941
2016-08-16,9890
2014-02-11,12286
2017-09-30,4184
2013-11-10,5750
2017-10-01,4078
2020-07-16,8160
2019-02-03,4288
2010-05-07,3979
2012-10-05,9287
2010-04-01,3896
2016-03-18,10409
2015-01-10,5080
2014-05-07,11321
2015-01-17,5005
2017-07-07,9199
2019-11-04,7329
2012-02-12,4661
2015-12-05,5326
2018-06-29,7954
2012-03-15,9504
2017-06-03,4709
2016-03-01,10844
2012-07-22,4249
2013-04-20,5586
2018-02-21,9076
2016-08-26,9012
2013-03-26,11225
2011-04-12,7863
2014-04-04,11375
2017-07-25,10594
2011-09-10,3671
2016-05-25,10624
2015-03-19,10103
2014-10-09,9917
2017-03-27,9727
2016-01-01,4029
2010-06-01,4212
2016-01-10,5326
2011-06-19,3407
2012-01-07,4418
2011-08-26,7222
2018-11-29,8284
2014-01-26,6191
2014-01-27,11383
2012-11-27,10234
2018-07-09,8047
2010-07-05,3527
2012-05-22,9265
2018-08-19,4064
2013-03-17,5621
2016-09-20,9661
2019-03-28,8970
2017-05-18,10251
2010-12-13,5519
2018-09-22,4105
2011-07-23,3688
2016-09-05,7248
2011-09-20,7707
2019-04-23,8005
2017-11-20,8221
2018-01-09,7961
2016-08-01,8907
2011-10-17,6854
2011-11-02,7865
2011-03-26,3798
2011-04-28,7990
2010-10-22,4919
2016-11-11,8316
2020-08-18,7605
2016-11-12,4655
2020-08-19,7852
2020-06-12,7684
2018-03-17,4585
2018-03-18,4405
2020-11-12,6986
2019-06-30,3136
2016-11-02,9366
2020-08-29,4523
2020-09-03,7471
2016-11-27,4560
2020-09-05,4180
2016-12-08,9603
2016-12-15,9529
2010-04-03,1835
2019-09-13,6813
2014-07-15,10286
2017-01-11,10186
2017-01-16,8540
2015-10-19,9562
2015-10-23,9476
2018-04-19,9074
2019-10-03,7643
2019-10-08,7343
2012-01-06,8017
2019-10-15,8141
2013-06-19,10988
2017-02-07,10216
2012-01-26,8184
2019-10-28,6625
2017-02-10,9550
2013-07-04,9509
2015-11-17,10229
2017-02-17,10210
2012-02-10,8480
2012-02-15,9331
2015-11-22,5163
2019-11-24,4379
2017-03-29,10865
2019-08-09,7051
2014-03-08,6532
2016-12-17,4463
2018-04-07,4478
2012-03-13,9406
2018-11-13,8331
2013-09-01,4950
2020-01-13,7254
2010-07-11,2169
2012-05-26,4183
2020-01-30,8142
2014-11-21,9491
2010-09-18,2320
2013-08-05,10208
2013-08-07,11641
2012-04-09,7327
2013-08-27,11071
2017-01-01,3320
2014-07-13,4342
2018-08-08,8937
2018-07-14,3936
2015-12-12,5370
2011-05-16,7009
2020-04-18,6359
2020-04-20,8414
2010-06-28,4307
2016-05-18,10799
2012-05-19,4462
2013-10-01,10951
2010-12-31,3120
2011-01-02,2757
2018-09-07,7651
2020-03-04,8241
2015-05-15,9879
2010-05-05,4398
2016-04-23,5687
2011-07-02,3264
2017-08-07,8487
2014-10-02,8760
2012-01-11,8737
2018-05-11,8068
2012-02-05,4493
2017-11-09,9418
2015-12-27,4455
2010-05-22,2161
2016-01-08,9536
2010-05-27,4582
2014-10-22,9577
2012-04-22,4776
2014-10-27,8711
2016-09-19,8850
2013-09-14,5075
2016-01-28,11127
2012-08-16,9394
2014-12-30,7708
2011-01-15,3306
2012-11-03,5114
2016-06-07,10063
2015-03-29,5592
2014-03-03,11503
2015-05-18,9771
2019-03-04,7807
2015-02-06,9551
2014-03-28,11444
2016-04-19,11454
2011-07-22,7220
2017-06-18,4266
2015-06-22,9625
2017-06-23,9066
2014-06-30,8738
2012-03-06,9628
2015-10-22,9906
2015-09-27,4855
2016-12-31,3729
2015-10-02,8776
2019-09-07,3644
2019-09-12,7824
2014-07-14,8971
2011-11-29,8372
2015-10-15,10411
2017-01-15,5044
2018-04-15,4305
2017-01-20,9257
2014-07-29,9459
2015-10-27,10586
2018-05-02,8504
2014-08-15,7820
2019-11-06,8201
2012-02-11,4612
2014-09-01,7605
2019-11-20,9297
2015-12-01,10178
2019-08-18,3606
2019-08-21,7784
2015-09-25,9140
2019-08-23,6836
2016-05-17,10434
2015-05-14,10401
2013-09-30,10096
2017-04-11,10194
2018-07-31,8777
2010-09-17,4518
2018-08-07,8515
2017-05-31,10247
2017-02-23,10760
2014-11-27,8782
2010-10-26,5128
2013-08-06,11299
2018-07-13,7988
2013-08-11,5070
2017-03-20,9805
2014-11-05,10117
2013-05-26,4722
2011-12-16,7333
2017-07-27,10577
2016-04-20,11804
2011-05-15,3545
2010-05-01,2020
2015-03-03,10317
2014-10-31,9059
2015-03-08,5213
2016-02-06,5600
2012-06-04,7710
2011-05-22,3523
2011-05-25,7969
2014-12-04,10353
2012-07-26,9995
2011-04-05,7904
2018-11-26,7365
2014-01-02,9732
2014-10-01,9284
2013-06-08,5098
2016-05-22,5043
2019-10-07,7094
2012-12-07,9220
2014-02-05,12292
2012-01-02,5471
2010-05-21,4319
2012-01-20,7805
2015-11-11,9269
2014-10-18,4802
2015-11-16,9169
2013-07-03,11014
2019-03-03,4596
2018-07-28,3967
2013-09-10,10789
2020-01-26,3884
2014-12-29,7303
2010-08-23,4856
2016-03-11,10082
2016-02-13,5676
2011-01-14,6067
2011-01-31,6276
2016-06-06,9061
2015-03-28,5437
2014-06-19,9679
2019-02-21,9222
2013-01-10,10516
2015-05-07,11317
2017-11-22,8939
2018-02-20,8681
2017-06-17,4844
2014-06-26,9760
2016-10-18,10139
2018-12-26,5176
2012-02-14,8624
2019-01-12,4008
2018-06-18,7305
2012-11-12,8586
2018-06-21,8686
2012-02-18,4356
2013-07-12,9963
2014-09-14,4588
2013-01-30,11032
2017-12-17,3889
2017-12-22,6305
2013-02-14,10351
2019-03-13,9119
2013-09-05,11045
2017-05-28,4376
2012-07-11,10228
2012-09-09,4365
2020-04-02,8622
2015-04-10,10048
2018-07-18,9143
2018-09-16,4021
2016-10-05,9704
2011-09-28,7501
2018-01-26,7728
2011-10-13,7394
2017-09-19,9451
2019-01-22,8164
2020-03-18,6805
2016-05-07,5219
2012-08-10,8963
2013-11-16,6082
2020-05-02,6366
2020-03-23,6451
2012-08-15,8747
2017-07-02,4183
2018-10-25,8916
2015-04-12,5232
2014-03-17,10994
2013-12-20,9773
2014-01-19,6139
2020-10-02,6107
2013-02-19,11046
2020-10-07,7444
2018-01-04,8016
2020-10-17,4213
2016-12-21,9508
2015-08-09,4607
2020-12-13,4334
2012-06-24,4228
2019-07-22,7265
2015-08-29,4859
2015-09-05,4809
2021-01-14,7151
2019-08-08,7973
2012-07-28,4489
2012-07-31,10187
2015-04-22,12529
2010-05-04,4339
2019-02-16,4457
2014-02-10,11194
2013-04-09,11513
2016-09-15,9227
2016-06-21,10230
2015-05-27,11447
2012-12-16,4639
2020-05-19,9066
2016-05-02,9103
2018-06-14,8458
2014-05-01,8601
2014-05-03,5684
2015-01-13,9622
2019-04-12,8116
2016-03-24,9500
2015-06-01,9736
2011-03-04,7030
2013-07-05,9553
2012-03-14,9603
2018-06-11,7785
2012-09-13,9703
2012-07-21,4313
2012-07-24,9897
2013-08-21,11363
2012-07-06,8935
2015-06-30,10590
2020-03-13,6344
2013-04-22,10327
2017-07-17,9116
2018-11-09,7359
2011-12-26,4016
2014-04-01,11798
2018-02-27,9057
2012-01-15,4270
2013-12-18,11911
2011-07-16,3763
2012-10-23,10039
2010-05-11,4421
2015-03-21,5354
2014-10-11,4866
2016-06-26,4536
2020-01-04,3897
2011-06-16,7949
2011-06-21,8059
2017-08-03,10625
2011-08-19,7150
2016-04-27,11586
2019-12-10,8123
2010-07-07,5002
2016-01-24,5735
2018-08-12,3933
2016-03-31,10956
2011-03-19,3811
2012-02-09,9427
2011-07-11,7420
2010-11-20,2882
2010-11-25,4949
2010-12-15,6019
2014-04-06,6119
2019-03-08,7889
2014-05-10,5349
2017-11-15,9368
2016-05-27,9716
2018-01-11,8386
2010-05-06,4287
2013-03-06,12025
2010-06-20,2083
2010-10-19,5274
2010-10-21,5406
2011-10-30,3351
2017-08-16,9614
2019-02-11,8151
2015-04-27,10898
2012-12-29,5038
2014-06-04,10321
2017-10-14,4690
2014-03-07,11898
2020-07-05,5010
2020-10-27,7206
2020-07-30,7818
2020-08-01,4461
2019-07-02,7508
2016-11-04,9085
2018-02-10,4684
2016-11-21,9066
2020-08-31,6773
2016-11-26,4616
2020-09-07,6355
2016-12-11,4597
2015-09-29,10281
2019-09-04,7415
2011-11-18,8112
2018-03-27,9423
2013-05-15,11105
2013-05-17,9900
2019-09-14,3709
2019-09-15,3791
2015-10-09,9816
2018-04-06,8296
2011-12-07,8503
2011-12-13,8255
2014-07-24,10814
2015-10-18,5143
2018-04-21,4144
2017-01-25,10250
2018-04-23,8356
2012-01-09,7723
2013-06-18,10806
2019-10-17,8407
2017-02-04,5416
2015-11-19,10921
2012-02-19,4889
2012-02-28,9412
2017-03-02,10566
2013-07-24,11835
2012-04-19,9924
2014-09-28,4631
2015-12-16,10588
2016-01-11,9612
2019-01-29,8630
2017-10-17,8742
2014-06-10,10102
2018-07-25,8725
2012-05-24,9031
2012-06-11,8098
2012-06-18,8707
2019-06-03,6822
2013-05-06,9159
2017-04-12,10273
2013-09-12,11324
2014-11-10,9312
2016-01-26,10013
2020-01-29,7977
2010-09-19,2207
2010-09-20,4666
2013-10-07,10479
2018-09-04,7921
2012-03-16,8592
2012-03-17,4729
2010-04-18,2241
2010-11-02,5182
2010-04-19,4038
2013-08-08,11283
2014-10-25,4742
2010-06-26,2134
2019-09-22,3991
2013-12-21,5385
2011-06-08,7520
2017-08-26,4380
2010-07-14,5092
2010-07-15,5346
2010-07-30,4746
2016-04-21,11620
2010-12-29,4672
2018-09-06,8269
2010-12-30,4641
2014-12-05,9383
2013-10-14,9454
2011-06-01,8038
2018-10-01,7583
2016-02-20,5942
2011-06-03,6766
2012-09-04,9112
2011-06-28,7699
2015-02-20,9861
2011-07-05,7228
2011-07-06,7768
2011-09-04,3421
2018-12-17,7429
2011-12-22,7164
2018-07-15,3727
2015-03-10,10183
2017-02-03,9210
2012-01-25,8707
2015-12-25,3874
2010-05-23,2087
2012-05-06,4333
2014-12-31,6231
2017-05-09,10178
2015-01-01,3856
2010-09-27,4647
2012-08-17,8677
2011-02-28,6757
2018-10-27,4070
2011-01-18,6262
2016-06-03,9665
2015-03-09,9331
2019-02-05,8342
2014-08-08,9272
2011-11-11,7248
2014-07-07,9250
2019-09-06,6755
2018-03-28,9468
2011-11-26,3947
2017-01-09,8843
2017-01-10,9806
2014-07-22,10662
2018-04-13,8239
2014-08-01,9256
2013-06-11,10238
2013-06-17,9478
2019-10-16,8493
2013-06-26,11146
2013-06-28,9925
2017-02-13,9201
2012-02-02,9029
2018-05-18,8096
2014-08-28,9831
2019-11-13,8174
2014-09-04,9910
2012-02-20,8264
2018-06-04,7604
2017-03-17,9882
2017-03-18,5514
2015-09-21,9597
2015-09-22,10586
2019-08-20,7700
2012-09-28,8838
2015-04-20,11068
2019-03-01,7849
2020-07-07,7998
2015-05-26,10991
2014-11-09,5091
2018-11-02,7049
2018-11-21,8070
2014-11-04,10074
2017-04-22,5254
2012-05-16,9336
2016-01-27,11193
2013-09-19,11106
2020-01-28,8011
2016-02-05,10026
2010-10-31,2589
2010-11-01,4567
2017-03-10,10006
2012-04-10,8911
2017-03-19,5466
2015-10-17,5249
2010-04-27,4672
2010-04-29,4349
2011-08-16,7992
2011-08-17,7970
2014-10-15,10010
2017-04-13,9745
2012-10-16,10080
2018-08-09,8902
2014-11-29,5003
2011-03-17,7728
2015-02-12,10653
2013-12-16,10749
2017-07-31,9377
2016-04-30,5509
2015-10-24,5185
2013-06-10,9214
2018-05-01,6652
2018-05-08,8445
2019-10-26,3608
2013-01-07,9149
2015-12-24,6211
2015-05-16,5265
2010-05-24,4081
2020-01-02,6360
2012-04-21,4738
2014-03-26,12790
2013-03-16,6034
2020-01-03,6692
2012-04-27,8625
2012-04-28,4837
2013-09-04,11037
2016-01-19,10581
2020-02-06,8573
2013-10-09,12066
2011-02-20,3788
2015-04-03,7697
2012-07-05,9147
2017-11-27,8244
2017-11-28,9141
2018-10-18,8359
2017-06-20,10239
2014-06-28,4472
2014-05-15,10893
2019-05-19,3767
2018-03-11,4648
2020-07-23,8283
2010-08-25,5192
2020-05-01,7471
2016-06-09,10372
2012-03-09,8284
2018-07-08,3813
2012-06-17,4007
2014-12-06,5089
2013-02-03,5407
2013-02-12,10533
2019-03-12,8929
2013-04-04,11429
2018-09-14,7611
2018-10-09,8397
2013-11-26,11926
2011-07-30,3603
2011-02-02,6849
2017-05-24,10373
2016-02-22,10022
2015-07-15,11228
2015-07-16,10933
2015-03-02,9466
2011-10-06,6908
2015-07-23,11293
2018-10-16,8316
2013-10-24,11947
2017-09-21,9386
2017-09-22,8980
2012-08-09,9688
2019-01-28,7789
2016-03-27,5182
2018-11-12,7373
2016-04-13,11574
2016-07-15,9279
2017-10-27,8390
2017-10-07,4703
2011-08-09,8070
2018-12-08,4142
2020-07-25,4995
2016-05-15,5221
2020-09-13,4250
2019-06-13,7796
2020-12-15,7050
2020-12-25,3588
2021-01-02,4439
2021-01-11,6888
2015-11-29,5206
2012-07-30,9030
2012-12-05,10655
2012-12-06,10305
2020-03-11,7737
2015-04-21,11950
2020-05-16,6275
2016-07-05,9551
2016-03-08,10721
2013-12-06,11159
2011-01-07,5759
2011-01-08,3073
2016-06-20,9008
2014-02-21,12413
2016-09-30,8959
2020-07-08,8299
2020-05-18,8314
2014-04-30,10626
2019-04-06,3996
2015-01-16,9096
2016-03-26,5446
2015-02-05,10449
2014-08-27,10263
2020-04-05,6151
2015-02-11,10647
2011-05-08,3575
2012-07-23,8929
2020-03-02,7346
2013-08-17,5163
2013-12-15,5535
2015-06-28,5104
2013-11-11,10530
2013-04-21,5380
2016-08-27,4669
2015-08-02,4724
2011-04-11,7423
2020-07-18,4945
2017-07-16,4576
2015-06-10,11446
2015-06-12,9644
2011-07-15,7191
2012-10-06,4829
2015-12-31,6388
2011-06-10,7024
2012-01-01,2900
2012-09-29,4416
2016-06-02,10498
2013-12-31,7557
2014-01-25,6342
2012-11-25,5027
2015-11-20,9882
2012-02-13,8461
2015-05-09,5322
2010-06-19,2180
2014-11-03,8813
2012-01-18,8721
2019-10-27,3640
2010-08-26,5299
2011-03-01,7169
2012-08-24,8601
2016-09-21,10190
2017-05-17,10338
2018-09-05,8543
2010-12-14,6018
2018-03-01,8611
2011-09-19,7011
2011-09-21,8051
2018-12-23,3375
2016-10-16,4910
2010-07-04,1944
2018-08-11,4018
2010-09-10,4369
2018-08-26,3864
2012-10-31,9700
2018-01-10,8448
2016-08-09,9943
2013-03-09,5821
2011-10-16,3507
2017-08-19,4688
2011-04-21,7429
2013-09-29,5663
2012-06-10,4010
2016-09-11,4400
2019-05-01,5923
2014-05-25,4509
2019-05-08,8125
2014-06-01,4443
2014-06-02,8834
2019-07-15,7057
2012-12-31,5628
2019-02-14,8670
2013-04-12,10667
2018-02-03,4632
2018-02-04,4592
2020-10-26,6597
2020-11-05,7021
2018-03-19,8663
2019-06-28,6610
2015-08-17,9317
2019-07-08,7101
2016-11-03,9354
2016-12-07,9926
2020-11-20,6849
2013-05-08,10754
2016-12-27,7320
2019-09-03,7063
2014-07-05,4451
2016-12-30,7166
2017-01-03,9003
2015-10-06,9955
2018-03-30,6914
2017-01-06,9000
2011-11-30,8428
2019-09-16,7102
2015-10-11,4964
2013-05-23,11081
2019-09-21,3759
2019-09-23,7592
2011-12-15,8068
2015-10-26,9530
2011-12-30,5731
2015-10-28,10580
2012-01-19,8680
2013-06-21,10010
2013-06-24,10046
2015-11-10,9812
2014-08-21,9980
2017-02-15,10775
2019-11-09,3990
2013-07-11,10972
2018-05-28,7204
2015-11-27,8032
2014-09-15,8802
2017-03-04,5362
2010-05-17,4385
2015-12-17,10198
2020-09-16,7469
2019-08-22,7838
2019-08-27,7588
2011-05-06,7075
2018-01-20,4803
2020-01-17,7401
2020-01-22,8256
2020-03-29,5615
2013-09-06,10252
2014-11-16,5045
2020-02-04,7885
2010-09-01,5008
2013-10-06,5544
2013-08-10,4944
2012-04-14,4508
2014-09-30,9918
2011-11-25,6223
2010-04-25,2122
2012-09-22,4651
2016-04-26,11293
2017-08-02,10404
2018-07-27,7871
2017-09-28,9157
2018-08-16,8269
2017-05-07,4977
2011-05-21,3529
2018-08-30,8617
2020-02-11,8191
2012-06-20,9671
2011-05-31,7282
2018-10-02,7744
2017-06-06,9672
2012-07-25,10048
2016-04-06,11444
2012-08-06,8507
2011-04-04,6842
2016-04-16,5484
2013-12-17,11768
2011-06-30,7593
2016-05-01,5258
2011-09-05,5812
2011-12-25,2486
2018-04-24,9008
2019-10-13,3786
2015-10-31,5034
2014-10-10,9237
2012-01-14,4019
2019-10-23,8204
2012-01-24,8551
2014-10-17,8823
2013-03-15,10836
2018-07-22,3841
2017-04-20,10620
2014-11-18,10176
2010-09-08,5109
2012-06-15,8877
2016-03-07,10082
2016-06-05,4773
2017-10-05,8845
2015-03-27,9624
2015-04-01,10229
2012-12-25,4157
2019-02-20,8987
2016-10-04,9463
2015-12-07,9537
2017-09-06,9222
2017-09-11,8180
2017-09-13,9411
2016-06-12,4612
2013-07-29,10891
2020-05-10,6157
2014-11-26,10170
2012-06-08,8352
2010-10-13,5004
2015-05-13,11214
2013-01-31,10774
2013-02-05,10807
2017-12-26,5124
2019-05-20,7076
2013-08-02,10846
2012-04-02,8392
2011-02-01,6683
2018-10-11,8823
2018-01-29,8224
2017-07-18,10459
2018-10-24,8910
2012-10-07,4496
2019-03-14,9178
2013-12-19,11446
2011-09-27,7786
2015-12-09,10511
2013-10-18,10646
2011-02-04,6311
2015-07-26,5005
2020-03-17,6792
2013-11-17,5895
2020-05-03,6329
2015-01-24,4972
2013-12-04,11886
2020-04-03,7695
2012-09-10,8756
2016-07-17,4469
2011-08-06,3160
2020-09-28,6679
2011-08-11,8257
2013-02-18,9891
2012-10-09,9788
2020-10-11,4197
2019-02-07,8802
2020-12-14,6542
2016-12-22,8870
2020-12-31,4878
2018-06-05,8663
2015-12-02,10411
2012-08-01,9741
2014-12-21,4322
2012-08-21,9445
2013-03-12,11910
2014-12-28,4247
2014-04-17,11019
2014-02-22,7051
2019-03-24,4311
2015-03-12,10493
2013-01-06,5198
2016-07-07,9624
2015-12-22,9280
2014-04-27,5823
2012-03-01,9365
2016-05-23,9543
2019-04-03,9203
2018-01-22,8181
2015-06-02,10917
2020-04-08,8504
2014-08-16,4246
2019-12-01,4056
2010-06-06,2123
2020-04-13,7629
2013-10-31,11187
2011-05-09,6822
2010-04-22,4456
2015-07-04,4841
2013-03-22,10654
2011-03-23,7652
2014-04-02,12515
2013-03-24,5875
2018-02-28,8830
2014-06-13,9171
2011-09-14,7755
2010-05-12,4719
2015-03-25,10847
2020-05-23,6112
2020-05-28,9122
2011-06-12,3471
2011-06-17,7311
2012-09-30,4371
2016-06-17,9310
2011-08-28,3701
2012-11-23,7927
2014-01-28,12443
2017-04-15,5028
2019-11-02,3842
2018-10-07,4096
2012-09-05,9530
2012-09-17,8616
2019-03-29,8015
2011-07-12,8097
2017-06-01,10059
2010-11-16,5802
2010-11-29,5236
2010-12-06,5599
2010-12-16,5759
2010-12-26,2035
2011-04-14,7714
2018-03-03,4784
2016-09-02,8866
2019-03-09,4442
2013-09-21,5431
2018-08-18,4022
2018-09-02,3831
2016-05-28,4882
2012-10-27,4801
2013-02-25,10183
2010-07-16,4848
2018-01-12,7788
2016-08-03,10472
2013-03-07,11768
2012-07-12,9931
2010-06-21,4360
2011-10-24,7107
2017-08-12,4664
2010-10-20,5176
2011-10-31,6626
2013-04-06,5794
2019-04-30,7732
2016-11-13,4742
2014-05-22,10704
2019-05-03,7149
2019-05-07,7659
2014-05-27,9931
2015-04-28,11377
2017-10-15,4512
2013-01-02,7920
2013-04-13,5624
2020-10-28,7438
2019-06-16,3550
2019-06-19,8178
2020-11-07,4073
2019-06-23,3558
2020-11-14,4079
2020-07-31,6959
2019-07-06,3451
2015-08-20,10673
2018-02-11,4478
2020-08-25,7572
2020-11-27,5891
2018-09-24,7678
2014-07-01,9250
2018-03-23,8441
2013-05-11,5071
2016-12-29,7991
2017-01-05,9761
2014-07-11,9234
2019-09-18,8280
2019-09-20,7210
2015-10-20,10391
2015-10-21,10331
2013-06-05,11030
2017-01-23,8972
2011-12-27,5530
2019-10-05,3786
2012-01-03,7593
2014-08-05,9554
2015-10-30,9158
2018-04-27,8000
2019-10-22,7929
2017-02-08,10598
2014-08-23,4701
2015-11-24,10760
2017-02-25,5627
2012-03-04,4829
2010-05-19,4661
2014-10-14,9966
2018-12-11,8105
2016-06-15,10667
2019-05-14,8264
2018-02-19,7560
2020-03-24,7009
2016-07-19,10116
2014-10-29,10103
2014-10-30,10478
2010-07-26,4641
2016-01-31,5660
2018-08-15,7479
2012-06-12,9151
2014-12-02,9914
2010-10-27,5432
2010-10-28,5239
2012-03-21,9497
2012-04-05,8767
2019-12-29,3574
2013-08-12,10138
2013-08-13,11290
2012-04-16,8389
2019-09-25,7969
2010-04-24,2176
2014-09-24,10144
2012-09-24,8747
2011-08-13,3663
2013-09-08,5147
2012-02-16,9370
2012-05-11,8716
2017-07-28,9570
2011-05-20,7023
2010-09-24,4801
2011-01-03,4716
2011-01-30,3500
2011-10-20,7553
2011-06-06,6897
2016-07-21,10597
2013-02-22,10498
2016-07-28,10671
2018-11-16,7498
2013-06-06,11120
2015-12-19,5004
2018-04-26,8835
2012-01-13,8006
2018-05-03,8731
2013-06-23,4802
2016-01-06,10015
2017-04-01,5064
2017-04-02,4847
2014-10-19,4841
2015-05-04,10055
2010-07-01,4687
2010-07-18,2308
2017-04-26,10435
2017-03-14,10325
2010-08-20,4781
2010-08-21,2178
2013-10-03,10933
2010-09-07,4856
2014-12-01,8857
2012-06-14,9339
2015-01-05,8419
2020-03-31,8432
2014-01-13,10548
2012-11-04,4890
2015-03-31,10197
2016-06-24,9119
2020-06-07,5740
2019-02-09,4512
2014-03-22,6407
2017-11-23,8210
2016-08-22,9293
2017-06-15,9831
2016-02-25,11416
2015-06-24,10989
2018-01-23,8913
2019-11-25,7967
2019-11-27,8300
2020-07-20,7599
2019-01-06,4077
2018-09-09,4002
2012-11-14,9625
2017-03-07,10106
2015-04-09,11149
2012-03-11,4692
2018-05-30,8860
2017-05-21,4696
2017-12-11,7822
2017-12-13,8824
2013-02-07,11203
2017-12-20,8267
2018-08-06,7598
2014-04-09,12281
2020-07-02,8281
2014-03-05,12698
2018-01-14,4134
2012-06-23,4353
2013-05-01,8646
2015-07-11,5054
2013-10-19,5693
2018-10-12,7846
2015-02-08,5391
2018-07-10,8713
2015-07-12,4986
2016-04-25,10227
2019-12-12,7964
2019-12-22,3425
2017-09-16,4624
2017-09-17,4430
2019-01-23,8513
2013-11-15,10755
2015-01-31,5103
2018-11-01,7696
2017-07-10,9295
2011-02-24,7336
2011-11-07,6968
2011-05-03,7427
2018-01-30,8882
2020-09-26,4494
2020-10-05,6633
2017-08-22,9511
2016-05-14,5443
2020-10-15,7257
2019-06-08,3603
2020-12-12,4408
2019-07-21,3545
2019-07-14,3476
2015-08-31,8773
2021-01-06,6869
2015-09-17,9867
2019-08-15,6176
2019-08-16,6523
2011-08-31,7612
2015-02-25,10733
2020-04-25,6193
2012-12-01,5072
2020-03-06,7357
2013-11-06,11843
2020-05-13,9388
2018-07-03,8332
2014-12-19,8243
2014-12-26,5181
2017-06-08,9973
2014-02-16,6202
2013-04-16,11222
2019-04-01,8052
2016-09-25,4752
2014-05-04,5332
2019-04-10,8625
2016-03-22,10531
2016-04-08,10069
2019-12-02,7530
2018-09-27,8195
2012-07-18,10156
2011-03-30,7665
2012-07-19,9888
2018-10-22,7975
2012-09-07,8867
2013-12-10,12187
2018-02-26,8069
2015-06-07,4964
2014-02-27,13512
2015-04-04,5059
2016-06-28,10480
2017-02-19,5314
2018-05-26,4160
2014-06-20,8808
2017-06-19,9008
2019-05-17,7402
2015-06-21,4780
2014-12-14,4676
2014-06-27,9378
2019-04-14,4308
2013-04-10,11724
2014-05-17,4798
2015-07-06,9953
2017-11-29,8898
2019-01-03,7518
2016-06-10,9444
2012-03-10,4627
2013-07-13,4610
2013-10-15,10774
2019-11-22,7845
2013-01-26,5467
2013-02-01,10018
2013-02-02,5335
2017-12-23,3633
2017-12-24,3215
2013-04-29,10251
2013-04-30,10215
2018-01-28,4598
2012-05-23,9434
2012-08-18,4505
2018-11-11,4178
2011-10-15,3508
2010-04-12,3982
2011-02-03,6633
2011-09-30,6812
2017-08-10,10137
2019-12-17,7822
2020-02-23,4043
2012-06-28,9434
2019-12-24,5141
2012-07-13,9043
2019-01-18,7406
2017-09-20,9606
2012-08-07,9511
2020-03-20,6569
2014-01-10,11425
2016-05-09,9434
2012-10-14,4838
2013-11-19,11960
2020-04-04,5830
2015-04-14,10537
2011-03-27,4030
2011-04-29,6645
2016-07-16,4571
2011-08-08,7266
2013-10-25,11374
2011-08-10,8256
2020-10-09,6692
2015-08-10,9691
2020-09-14,6689
2020-12-16,7231
2019-07-26,7525
2021-01-10,4483
2015-09-12,5138
2019-08-10,3376
2016-04-28,11128
2019-11-11,6811
2014-09-03,9838
2019-11-21,9059
2016-03-02,11059
2020-04-06,7912
2011-01-09,3330
2016-08-17,9795
2014-02-12,13165
2019-03-20,8819
2014-04-20,5246
2014-04-21,8920
2019-05-27,6501
2016-05-24,10591
2010-05-08,2070
2019-04-07,4215
2014-05-06,10533
2019-04-13,4264
2012-08-25,4439
2015-12-06,5222
2018-06-28,8477
2018-06-30,3741
2017-06-04,4360
2013-12-14,5577
2013-08-18,4927
2013-08-25,5132
2011-03-07,6914
2012-09-19,9160
2014-04-03,12464
2015-06-11,11239
2012-10-24,9643
2020-05-26,8601
2020-05-27,8959
2011-08-25,8248
2012-11-19,9558
2012-11-26,9323
2019-02-23,4566
2010-07-21,5359
2020-01-27,7151
2019-03-27,8922
2013-07-06,4651
2016-09-22,9955
2010-12-22,5457
2010-11-26,4268
2010-11-27,2952
2018-03-02,8032
2016-09-04,4440
2019-03-10,4407
2012-12-23,4006
2020-06-02,8444
2015-05-17,5268
2012-10-25,10081
2016-07-31,4216
2016-08-10,10545
2013-03-08,10475
2013-03-10,5747
2017-08-11,9132
2016-04-03,5590
2019-05-02,7586
2014-05-26,8168
2020-06-11,8502
2019-07-16,7995
2015-04-29,11956
2013-01-01,4329
2013-04-11,10941
2017-10-16,8408
2018-01-18,8741
2014-03-19,13002
2020-11-03,6943
2019-06-21,7089
2016-10-24,8752
2020-11-11,6816
2015-08-11,10713
2020-08-02,4621
2019-07-09,7793
2018-02-05,8160
2018-02-14,8987
2016-11-18,9296
2016-11-28,8945
2020-09-04,6539
2016-11-29,10012
2020-11-21,4330
2020-11-30,6387
2011-09-11,3578
2011-06-18,3683
2018-09-21,7711
2010-10-23,2719
2018-03-20,9380
2011-11-13,3923
2013-05-13,9641
2011-11-20,4023
2019-09-08,3533
2014-07-10,9903
2019-09-11,7820
2014-07-17,10531
2011-12-03,4228
2011-12-08,8177
2015-10-16,9611
2013-05-30,10831
2011-12-20,7925
2013-06-04,10709
2018-04-16,8332
2017-01-21,5133
2014-07-30,10285
2013-06-09,4896
2014-08-04,8694
2012-01-16,7220
2015-11-05,10341
2014-08-19,9689
2015-11-12,9870
2013-06-29,5064
2014-08-29,8463
2012-03-03,4650
2017-03-16,10837
2019-12-31,4939
2020-09-21,6775
2013-01-19,5289
2016-09-29,10072
2015-07-31,9947
2019-12-26,5136
2017-03-09,10514
2014-09-22,8835
2012-05-09,9119
2017-05-05,9226
2018-08-21,7977
2015-02-23,9570
2015-05-01,8221
2013-09-11,11036
2018-08-01,8691
2010-07-28,5374
2018-08-28,8607
2018-07-12,8851
2012-04-04,9462
2013-05-10,9547
2010-08-14,2369
2019-09-28,3570
2015-02-18,10571
2011-05-14,3673
2017-03-11,5509
2020-04-23,8906
2017-08-24,9579
2018-12-15,3792
2012-05-04,8861
2017-04-25,10347
2010-09-23,4936
2011-01-05,6123
2012-06-25,8679
2013-10-21,10998
2011-06-05,3656
2017-11-04,4625
2018-01-07,4006
2020-07-01,7843
2018-11-15,8158
2017-07-23,4489
2015-02-13,9571
2014-01-03,10363
2014-07-20,4527
2018-05-06,4294
2018-05-16,9000
2017-10-20,7975
2014-10-07,9412
2010-05-25,4572
2016-08-20,4654
2014-11-01,4261
2014-04-22,11568
2020-01-15,7763
2020-01-20,7270
2018-08-03,7751
2020-01-25,3991
2013-09-26,11684
2017-05-02,9138
2012-05-29,8744
2017-05-15,8853
2016-02-14,5233
2016-03-15,10952
2016-02-24,11442
2012-11-08,10000
2020-05-08,8388
2017-10-10,9172
2016-07-12,10127
2015-06-17,11063
2017-06-21,10226
2014-06-25,10216
2018-06-15,7313
2017-09-15,8400
2018-03-13,9112
2016-10-19,10588
2014-01-08,12186
2018-12-30,3600
2019-01-04,7196
2019-01-09,8121
2010-04-05,3074
2012-11-13,8914
2018-07-05,8456
2019-12-06,7358
2020-06-09,8567
2010-10-08,4637
2017-12-04,8096
2017-12-06,8902
2017-12-09,4384
2011-04-19,7699
2016-01-25,9956
2014-11-08,5168
2019-02-25,8044
2019-12-11,8029
2018-01-25,8832
2011-10-04,7247
2015-07-21,11047
2016-10-06,9889
2011-10-14,6947
2019-01-16,8089
2012-08-11,4121
2012-08-14,9795
2016-05-11,11250
2011-03-10,7674
2015-04-11,5550
2016-10-09,4817
2017-04-05,10617
2017-10-30,8253
2016-09-09,8673
2018-12-10,7367
2020-10-08,7261
2020-07-26,5239
2019-06-06,7441
2015-04-18,6122
2020-10-23,6737
2018-06-10,3922
2015-08-30,4758
2019-07-23,8109
2021-01-03,4596
2019-08-05,7080
2015-09-14,8951
2015-09-16,10808
2019-08-12,6419
2015-09-19,5313
2014-09-05,8753
2012-12-03,9211
2014-02-02,5931
2013-07-26,11065
2018-07-02,7253
2014-12-18,9756
2014-12-25,3834
2020-06-26,7656
2013-12-07,5964
2016-08-15,7530
2014-02-09,6311
2012-12-13,10220
2017-10-03,8552
2014-02-26,13323
2015-05-03,5509
2014-10-05,4472
2016-09-24,4908
2011-02-21,6448
2016-03-20,5363
2015-05-28,11326
2016-03-25,8116
2015-01-19,8798
2016-04-01,9907
2015-06-04,10915
2013-12-09,10941
2017-02-05,5026
2012-08-31,8817
2015-02-03,10158
2016-04-14,11128
2020-02-29,4155
2016-02-27,5914
2016-02-29,9998
2017-07-08,4558
2018-11-10,4182
2011-04-09,3722
2011-09-09,6974
2017-03-26,5310
2016-06-27,9113
2019-08-30,6782
2018-03-21,9634
2014-07-04,7797
2011-11-14,7574
2015-10-05,9102
2013-05-22,10844
2013-05-24,9613
2017-01-12,10077
2014-07-21,9463
2013-05-31,9937
2018-04-30,7459
2018-05-07,7709
2018-05-10,8494
2017-02-28,10320
2019-11-23,4222
2019-08-26,6684
2020-02-10,7571
2015-07-25,4985
2010-07-12,4399
2012-05-25,8243
2014-11-17,9285
2016-02-11,11021
2016-02-15,9730
2019-12-27,5555
2011-11-19,4146
2011-11-21,7734
2011-12-09,7471
2017-03-12,5481
2010-06-27,1991
2017-04-19,10712
2020-02-05,8057
2017-05-06,4820
2010-09-04,2330
2017-05-19,9386
2011-05-30,5723
2020-02-20,8314
2017-06-05,8440
2011-06-04,3516
2012-06-29,8183
2013-12-08,6022
2020-04-07,8442
2014-03-20,12880
2020-06-27,5221
2017-11-05,4606
2016-04-15,10286
2013-12-25,4737
2011-12-04,4091
2015-02-27,9893
2017-08-08,9968
2011-12-29,6645
2014-08-10,4483
2013-06-20,11006
2017-02-06,9171
2015-11-09,8861
2013-06-25,11122
2014-08-20,10014
2012-02-01,8720
2019-10-29,7456
2015-12-26,3924
2017-11-10,8320
2010-05-26,4622
2012-05-13,4002
2010-07-19,4730
2012-05-20,4354
2020-01-31,7150
2010-09-09,4822
2013-11-25,10710
2016-02-18,11298
2019-01-30,8854
2014-01-14,11378
2012-12-19,10385
2015-04-02,9935
2017-10-06,8230
2020-06-18,8711
2020-06-20,5617
2013-01-23,10821
2017-06-22,10232
2012-07-04,8089
2013-07-25,12041
2018-06-16,3690
2013-04-27,5473
2020-07-22,8404
2018-12-31,4402
2019-01-05,4249
2019-01-10,8165
2014-09-19,9069
2010-04-09,4215
2010-09-14,4784
2012-06-09,4234
2012-06-16,4374
2010-10-09,1824
2010-10-14,5264
2018-06-26,8375
2015-05-19,10825
2017-04-16,4832
2017-12-25,3367
2017-12-30,4008
2016-09-06,9198
2018-09-13,8071
2020-01-16,7953
2011-02-22,7185
2014-10-23,9473
2020-02-03,7244
2015-03-01,5562
2013-05-04,5245
2018-10-15,7678
2019-12-15,3702
2013-07-30,11431
2015-07-18,4760
2019-05-21,7882
2011-10-05,7437
2012-10-08,8671
2011-02-05,3587
2017-05-26,9108
2012-04-03,9492
2019-01-20,4145
2019-01-25,7682
2020-03-21,4551
2015-03-06,9069
2016-05-10,10812
2011-03-11,6920
2016-04-05,10916
2015-04-15,11294
2012-09-11,9582
2017-10-11,9363
2016-01-02,4838
2013-10-05,5438
2011-05-05,7815
2013-07-10,11187
2019-06-10,6684
2020-05-11,8756
2014-08-03,4483
2020-12-18,6474
2015-09-03,10435
2019-07-27,3867
2021-01-04,6457
2020-09-15,7418
2019-08-01,7953
2015-09-10,10505
2015-09-15,10043
2012-11-29,10399
2018-12-01,4054
2011-09-01,7157
2018-06-01,7802
2018-06-06,8879
2014-01-24,11341
2013-11-08,10504
2012-08-02,9591
2015-01-25,5027
2014-02-18,13035
2012-12-14,8713
2015-03-11,10819
2014-02-23,6751
2015-03-16,9714
2017-10-04,9069
2016-09-23,9329
2014-09-06,4556
2018-12-04,8379
2016-03-16,11225
2015-12-13,5037
2016-03-21,10126
2015-01-18,4616
2015-01-20,10141
2015-06-05,9909
2018-07-01,3537
2018-09-28,7740
2018-11-14,8374
2011-03-31,7847
2011-05-10,7752
2013-11-21,11896
2020-03-25,7063
2013-08-19,9830
2013-08-26,9755
2014-03-29,6240
2016-08-24,10135
2016-04-10,5439
2015-02-07,5472
2011-04-10,3740
2011-04-13,7939
2015-02-14,4864
2010-05-09,1907
2015-12-30,8560
2020-05-24,5903
2012-04-23,8658
2011-12-24,3152
2012-11-17,4900
2013-12-30,8851
2012-10-01,8480
2013-06-30,4914
2012-11-24,4929
2010-05-13,4015
2019-02-24,4482
2012-04-30,7783
2017-11-30,8919
2016-01-29,10149
2012-05-30,9303
2013-03-18,10384
2014-04-23,11901
2011-07-08,7302
2012-06-19,9575
2010-12-03,5533
2013-10-12,5482
2010-12-20,5091
2018-03-04,4672
2011-09-18,3518
2014-05-08,11217
2016-10-15,5234
2018-08-04,3959
2010-08-06,4788
2012-10-26,8777
2011-01-21,6245
2012-10-28,4527
2011-01-23,3423
2012-10-30,9164
2014-06-17,9579
2013-02-26,11441
2016-08-04,10186
2013-03-11,10530
2011-10-18,7524
2011-10-25,7767
2011-11-04,7505
2010-10-24,2448
2016-11-09,8368
2018-01-16,8439
2013-01-03,9273
2019-02-28,8620
2013-04-14,5533
2016-10-10,8185
2020-11-01,4207
2020-07-27,7461
2019-06-22,3620
2016-10-25,9858
2019-06-27,7572
2016-10-30,4320
2015-08-16,4896
2019-07-07,3695
2019-07-10,7847
2015-08-21,9933
2016-09-10,4613
2020-08-21,7053
2020-08-26,7838
2019-07-17,7978
2020-12-03,7334
2020-12-05,4291
2010-11-03,5490
2016-12-04,4836
2017-09-02,4291
2016-12-25,3359
2018-03-25,4586
2015-10-01,9788
2014-07-08,9905
2013-05-18,5347
2018-04-04,9283
2011-12-05,7505
2013-05-25,4771
2018-04-11,9177
2018-04-14,4545
2014-07-25,9587
2017-01-28,4944
2013-06-14,9574
2017-02-02,10080
2014-08-11,9120
2018-05-21,7510
2018-05-24,8975
2017-02-22,11072
2018-05-31,8432
2014-09-27,4653
2016-01-03,5101
2020-01-05,3991
2019-08-17,3585
2015-09-24,10043
2015-03-07,5426
2012-11-16,9154
2019-03-17,4486
2015-02-10,10317
2012-09-12,9199
2020-06-14,5138
2020-09-11,6680
2011-11-08,7736
2016-01-16,5196
2016-01-20,10826
2013-09-18,11250
2012-06-03,4186
2013-07-31,11839
2012-03-18,4466
2010-10-30,2511
2012-04-12,9420
2016-02-19,10313
2011-12-12,7581
2017-07-30,4668
2018-11-23,6494
2010-04-30,3842
2016-01-13,10788
2016-01-18,9490
2019-11-14,9042
2012-10-17,10382
2016-02-02,10765
2016-02-07,5698
2011-05-26,7811
2013-10-13,5409
2014-12-08,8908
2020-02-24,7526
2017-07-13,10343
2011-09-02,6671
2017-08-29,9491
2017-03-21,10912
2012-12-08,5169
2013-06-12,10514
2019-10-25,7275
2012-01-28,4311
2017-04-03,9480
2014-03-11,12246
2017-03-24,9835
2018-07-17,8751
2013-09-09,9286
2014-11-06,10314
2016-01-23,5678
2012-05-21,8227
2010-08-22,2529
2016-03-10,11135
2018-08-25,4003
2015-01-02,6646
2011-02-26,3717
2013-11-29,9079
2012-08-23,9536
2015-05-06,11546
2017-10-23,8606
2017-11-26,4306
2013-03-19,11597
2020-07-09,8345
2015-06-19,10012
2018-10-19,7575
2012-07-03,9354
2015-06-26,9929
2011-02-13,3503
2019-04-25,8328
2013-04-28,5418
2019-01-01,3355
2017-09-08,8559
2012-11-11,4792
2013-01-09,10352
2020-06-19,7870
2017-11-21,9436
2016-07-22,9267
2011-02-09,6816
2016-08-23,9869
2014-12-13,4891
2020-02-26,8369
2017-06-26,8332
2018-06-17,3650
2020-07-21,8075
2017-09-03,4147
2018-12-27,6083
2016-05-06,9647
2012-02-27,8511
2019-01-11,7471
2015-04-06,8039
2012-12-20,9896
2016-06-22,10738
2018-07-07,3876
2010-10-05,4831
2013-07-16,11247
2014-09-10,9984
2014-03-23,6268
2013-01-24,10945
2017-12-16,4031
2013-02-08,10189
2013-02-10,5440
2014-04-10,12078
2018-09-12,8563
2015-07-09,11475
2020-02-21,7535
2018-06-27,8756
2015-07-29,11407
2020-07-14,8056
2018-08-13,7937
2017-04-27,10407
2017-07-01,4429
2014-03-16,6216
2013-01-14,8712
2012-05-31,9049
2017-12-31,3228
2012-08-28,9364
2016-04-11,10401
2011-09-12,7080
2019-12-19,7185
2010-04-15,4366
2013-10-23,11753
2019-01-21,7448
2011-02-16,7167
2012-10-12,9514
2019-01-26,4052
2020-03-22,4656
2012-08-19,3977
2014-01-18,6286
2020-04-11,6123
2019-02-10,4459
2011-03-28,7247
2011-05-01,3808
2019-02-27,8902
2020-10-01,7074
2020-10-03,4318
2014-05-19,9509
2020-10-16,6708
2010-10-25,4863
2017-05-22,9152
2019-07-18,8045
2020-12-22,6512
2020-12-29,6264
2019-08-02,7084
2021-01-13,7547
2015-09-11,9506
2019-08-07,7919
2019-01-31,8677
2020-03-07,4123
2020-03-09,6963
2013-11-07,11600
2014-02-04,12195
2010-04-20,4364
2019-02-15,7904
2017-11-01,8391
2014-02-14,11471
2019-03-19,8655
2014-02-19,13228
2018-01-15,7214
2018-06-02,4114
2015-03-17,10480
2014-05-02,9270
2019-04-08,8020
2016-10-01,4797
2015-01-29,10329
2012-08-26,4331
2019-10-20,3833
2012-01-31,8713
2013-07-21,4943
2013-08-20,10774
2012-07-10,9822
2011-12-10,4061
2017-07-26,10863
2015-02-15,4971
2020-04-16,8925
2011-07-17,3639
2015-06-14,5038
2017-11-14,9342
2018-12-22,3499
2017-06-13,10183
2010-05-10,4222
2016-05-26,10631
2010-05-30,2076
2011-06-25,3533
2011-08-18,8073
2014-01-20,10696
2010-04-10,2249
2010-07-06,4672
2017-12-01,7917
2010-07-23,4964
2010-08-07,2233
2011-03-03,7406
2019-03-26,8585
2014-08-31,4220
2010-11-04,5450
2010-11-19,5488
2010-11-21,3080
2010-12-04,3102
2010-12-21,5552
2010-12-24,2945
2018-03-08,8985
2020-06-04,8855
2010-09-30,5014
2011-01-22,3550
2013-03-02,5784
2016-08-08,8935
2011-08-03,8047
2010-10-18,4821
2016-11-10,9303
2020-08-17,6994
2019-05-05,4000
2014-03-06,13071
2014-06-03,9954
2018-01-17,8707
2015-05-23,5208
2019-05-12,3839
2020-11-02,6512
2016-11-05,4844
2020-08-12,7530
2019-05-25,3783
2016-11-17,10074
2016-11-20,5010
2020-08-30,4276
2016-11-30,10000
2020-09-06,4140
2016-12-05,8935
2020-11-19,7457
2020-12-04,6708
2014-07-19,5056
2018-03-22,9419
2016-12-28,7991
2011-11-15,8216
2013-05-12,5045
2011-11-22,8270
2017-01-04,9544
2019-09-10,7345
2014-07-12,4615
2011-12-02,7642
2015-10-13,10377
2017-01-14,5028
2018-04-18,9461
2012-01-04,8549
2019-10-14,7291
2014-08-13,10426
2015-11-07,5305
2015-11-14,5076
2013-07-02,10862
2012-02-23,9907
2014-09-07,4536
2019-11-17,4122
2010-05-18,4711
2010-05-20,4774
2010-06-04,4534
2015-09-18,9874
2019-08-24,3434
2020-09-18,6724
2014-04-15,11435
2017-07-03,8186
2012-08-20,8301
2017-07-11,10173
2017-04-07,9365
2013-09-07,5271
2010-07-09,4804
2016-01-21,11055
2010-07-10,2332
2010-07-27,5084
2014-11-14,9338
2013-09-25,11352
2013-10-10,11432
2011-05-13,7280
2011-08-14,3603
2010-05-02,1957
2018-12-12,8215
2016-05-04,10864
2014-01-12,6024
2020-01-24,7229
2018-08-23,8527
2012-09-23,4437
2011-05-28,3570
2011-05-29,3395
2020-02-18,8209
2011-06-07,7473
2018-11-06,7806
2016-07-20,9908
2013-01-21,9134
2012-09-14,8713
2019-03-07,9065
2011-05-02,6219
2015-02-26,10601
2020-04-26,6368
2018-12-19,7878
2014-12-27,4236
2016-05-21,5115
2014-02-06,12344
2015-12-20,4778
2017-01-29,4772
2017-01-31,10032
2019-10-21,7474
2013-07-01,9382
2014-03-21,11606
2017-11-08,9731
2014-10-21,9831
2010-06-14,4091
2017-04-09,4900
2012-05-12,4403
2014-11-24,9219
2012-06-06,9143
2012-06-07,9192
2018-08-31,7646
2016-03-14,10228
2017-07-04,8862
2011-01-13,6453
2018-10-05,7808
2016-06-23,10720
2015-04-24,11158
2020-06-08,8093
2016-07-11,8981
2014-03-13,13141
2013-01-11,9911
2017-06-14,10194
2017-06-16,9203
2014-06-22,4446
2018-06-09,4051
2013-04-24,11488
2013-04-25,11162
2014-09-18,10004
2018-06-25,7852
2015-03-04,10598
2018-12-29,3802
2017-09-09,4292
2013-07-28,5111
2018-06-24,3719
2010-04-07,4225
2018-07-04,7677
2020-02-08,4083
2010-09-15,4985
2013-10-04,10658
2010-10-12,5167
2013-07-19,10551
2018-09-10,7549
2017-12-03,4394
2013-01-29,10438
2017-12-12,8641
2017-12-18,7460
2017-12-19,8028
2013-02-15,9552
2012-05-01,7349
2017-05-04,9996
2020-03-14,4015
2012-03-12,8620
2014-01-05,6012
2011-10-03,6388
2016-02-26,10703
2015-03-05,10492
2012-08-13,8790
2011-02-23,7503
2015-04-26,6075
2015-05-11,10067
2015-02-17,9625
2020-10-04,4293
2016-07-26,10150
2018-03-15,9324
2016-10-21,9289
2016-05-13,9987
2011-01-28,6145
2019-06-09,3338
2020-10-22,7441
2019-07-19,7404
2021-01-05,7002
2015-09-07,8236
2015-09-08,9997
2015-09-09,10264
2019-08-14,7284
2017-08-05,4674
2017-08-06,4512
2012-10-03,9490
2018-05-29,8590
2015-11-25,10146
2012-07-27,9201
2012-03-05,8497
2014-12-20,4593
2014-02-15,6530
2019-03-22,8000
2019-02-01,7882
2016-09-17,5039
2019-02-18,7903
2017-08-30,9452
2019-04-02,8595
2012-10-20,4990
2012-03-30,8947
2014-09-25,9965
2014-05-05,9604
2015-01-14,9592
2015-05-30,5392
2015-05-31,5070
2020-04-01,8229
2018-10-30,8267
2013-12-02,10359
2016-10-02,4455
2019-10-31,7614
2015-11-15,5175
2012-02-08,9488
2018-05-22,8744
2014-09-17,10080
2012-07-17,9253
2013-10-29,11902
2013-08-22,11534
2012-07-08,4224
2015-07-01,10631
2013-03-20,12005
2011-12-17,3898
2015-07-03,9056
2014-03-31,10959
2011-03-22,8108
2014-01-15,11922
2018-06-22,7849
2017-05-10,10140
2017-02-27,9700
2019-11-19,8895
2015-11-30,9199
2016-07-24,4672
2017-12-21,8124
2013-02-13,10746
2011-07-29,7240
2013-04-01,8426
2016-09-07,9420
2011-01-27,6692
2020-07-11,5146
2013-11-12,11815
2012-09-27,10266
2010-08-27,4787
2014-09-20,4733
2018-10-14,4062
2020-04-28,8769
2018-12-05,8333
2015-07-14,11150
2019-12-14,3668
2013-05-05,4950
2010-04-13,4446
2011-10-09,3596
2011-02-06,3650
2017-05-27,4761
2017-09-18,8592
2017-09-23,4500
2013-12-12,11961
2017-10-28,4554
2011-05-04,7876
2020-06-24,8389
2018-09-19,8706
2014-04-12,6101
2020-10-06,7166
2015-08-08,4766
2015-04-16,12088
2019-06-11,7786
2019-06-14,7252
2020-12-09,7118
2020-12-19,4298
2020-12-24,4968
2019-07-28,3775
2015-09-06,4817
2019-07-31,8286
2021-01-08,6890
2012-10-02,9162
2012-03-23,8529
2016-03-03,11205
2020-05-15,8710
2015-04-23,12235
2011-01-10,5769
2018-10-04,8572
2013-04-08,10575
2012-06-30,4286
2017-06-09,9243
2020-03-12,7240
2016-09-14,9246
2019-03-21,8243
2014-04-19,5976
2014-02-24,12054
2012-12-15,4674
2019-05-15,8302
2020-05-20,9250
2012-02-22,9659
2011-09-07,7674
2015-02-28,5557
2015-01-07,9567
2012-10-22,9466
2015-01-12,8707
2014-08-24,4436
2019-11-29,6501
2018-09-29,4229
2013-10-26,5752
2012-07-20,9055
2013-11-02,5256
2010-12-28,4306
2013-11-22,10888
2012-04-17,9269
2013-08-15,9777
2018-11-05,7490
2011-03-15,7467
2011-04-01,6866
2013-04-18,11269
2012-07-07,4476
2015-06-29,9687
2013-04-23,11080
2016-08-25,9788
2018-02-23,8029
2016-08-28,4308
2018-04-29,4352
2015-08-03,9614
2018-11-18,4139
2015-06-09,11182
2015-03-20,9453
2015-03-22,5297
2015-12-29,8620
2020-05-25,7852
2010-06-16,4552
2011-06-20,7110
2013-12-29,5239
2011-08-23,7644
2017-08-04,9307
2019-12-09,7304
2017-10-25,9633
2010-06-03,4629
2014-11-13,9982
2017-06-11,4449
2018-10-29,8004
2012-01-21,4465
2012-02-17,8650
2014-12-03,10602
2010-11-24,5941
2011-07-24,3585
2018-03-05,8324
2011-09-17,3859
2016-10-14,9393
2011-09-22,8001
2019-04-15,7549
2014-05-09,9915
2019-04-20,3938
2014-05-14,10917
2010-07-03,1982
2012-05-14,8435
2016-07-09,4633
2012-10-29,8627
2016-05-31,10134
2014-06-18,9958
2016-07-29,9378
2010-08-02,4674
2012-03-28,9448
2016-08-13,4432
2010-09-26,2444
2010-07-08,5212
2011-10-26,7254
2014-04-14,10467
2014-05-29,9846
2019-05-10,7439
2016-09-27,9841
2016-07-04,8176
2014-06-08,4508
2019-07-01,6498
2015-08-15,4717
2016-10-31,7472
2020-08-10,7100
2018-02-06,8802
2018-01-05,7672
2020-11-22,4581
2011-10-22,3681
2019-09-01,3370
2014-07-03,10114
2011-11-16,8484
2018-03-31,4459
2018-04-01,4226
2018-04-02,7055
2011-12-01,8314
2015-10-12,9316
2017-01-13,9287
2018-04-09,8228
2019-09-26,8006
2019-09-27,7124
2014-07-28,8843
2015-10-29,10581
2017-01-30,9003
2013-06-15,4842
2018-05-04,8487
2019-10-30,8022
2012-02-07,9198
2013-07-17,11407
2019-11-16,4354
2018-06-07,8660
2018-06-08,7633
2012-04-24,9314
2020-09-17,7397
2019-08-25,3475
2020-05-12,9269
2013-04-15,10043
2018-07-11,8736
2010-04-16,3964
2010-08-12,4962
2018-08-14,8559
2010-08-30,4572
2017-07-20,10726
2020-01-06,6595
2012-05-02,9186
2010-06-23,4753
2017-04-18,9987
2016-02-10,10864
2020-01-23,8114
2013-09-24,11562
2010-04-17,2171
2012-04-15,4639
2010-06-24,4612
2013-05-28,10622
2016-01-30,5728
2011-12-19,7163
2015-12-11,9609
2014-01-06,10104
2018-12-13,8155
2011-05-18,7730
2014-11-23,5339
2010-09-06,3667
2017-05-13,4778
2011-07-25,7310
2016-02-17,11365
2011-01-04,5870
2013-10-20,5673
2014-12-11,9991
2017-06-07,10203
2016-04-07,11217
2016-07-27,10517
2011-07-01,6646
2012-10-04,9912
2018-12-03,7621
2016-05-20,9829
2012-10-19,9678
2015-12-21,8820
2014-08-12,10151
2016-01-05,9944
2017-03-31,9447
2017-02-09,10420
2014-08-22,9151
2019-11-01,6215
2017-04-08,5106
2020-01-08,7674
2010-06-30,4900
2016-03-13,5601
2018-09-01,3948
2020-05-05,8869
2012-11-05,9200
2020-06-06,5683
2016-07-10,4496
2016-10-03,8541
2017-02-16,10986
2015-02-16,8937
2013-12-27,8191
2012-07-01,4093
2014-06-23,8754
2014-09-16,9844
2015-12-04,9605
2018-01-24,9145
2017-03-06,9820
2013-04-26,10047
2019-05-30,7533
2013-09-16,9892
2018-12-28,5977
2017-09-10,4481
2019-01-08,7824
2014-06-06,9386
2019-12-04,8269
2015-04-08,11150
2019-03-06,8974
2012-06-22,8967
2013-02-17,5405
2017-12-28,6873
2015-05-21,11290
2016-09-08,9442
2013-09-23,10092
2011-02-14,6084
2020-02-27,8136
2019-04-26,7496
2013-05-03,9823
2016-05-03,10329
2014-12-10,9983
2020-07-12,4849
2015-07-19,4851
2019-12-21,3479
2019-05-22,8177
2011-10-12,7550
2019-01-15,7693
2020-03-16,6374
2013-11-14,11789
2017-09-25,8534
2017-09-26,9556
2018-10-21,4173
2012-08-29,9871
2015-02-01,5092
2012-08-30,10043
2016-06-25,4542
2012-12-26,6523
2011-02-07,6113
2020-04-17,8508
2015-05-12,11235
2017-10-29,4509
2017-08-21,8329
2020-10-13,7151
2015-04-17,11517
2020-10-20,7160
2020-10-21,7356
2020-12-11,6617
2019-07-20,3753
2020-12-20,4219
2015-09-02,10432
2020-12-27,4071
2019-07-29,7254
2021-01-15,7125
2021-01-16,4622
2013-07-18,11526
2012-02-24,8743
2012-02-25,5125
2019-12-03,8155
2013-01-05,5476
2019-02-17,4269
2020-05-06,9274
2014-04-16,11580
2019-03-23,4292
2014-02-25,13171
2019-02-02,4239
2017-03-22,10805
2014-10-04,4496
2014-04-26,5983
2012-03-29,9630
2019-04-11,8683
2011-03-05,3965
2011-03-06,3791
2018-11-08,8039
2013-06-22,5117
2019-11-26,8419
2013-08-04,5122
2010-06-05,2337
2018-09-26,8625
2011-01-29,3386
2011-03-13,3912
2020-02-28,7426
2013-10-30,11635
2017-07-21,9758
2013-11-23,6059
2011-05-11,7846
2011-05-12,7704
2012-08-04,4190
2014-03-30,5978
2013-03-21,11583
2015-01-30,9019
2016-10-12,9637
2018-02-25,4569
2016-08-30,9897
2016-04-18,10138
2011-04-07,8125
2011-04-06,8036
2011-07-19,8225
2014-06-16,8329
2011-09-15,7742
2014-10-12,4768
2013-08-30,10062
2012-09-25,9409
2011-06-13,6694
2011-06-24,7171
2014-08-30,4630
2013-01-13,5175
2014-03-15,6284
2018-08-05,3696
2014-04-24,11788
2011-07-09,3648
2011-07-10,3374
2014-04-25,11063
2010-11-14,2823
2010-11-23,6018
2010-12-18,2821
2016-08-31,10061
2013-03-29,8901
2011-07-27,8114
2011-09-25,3543
2019-04-18,7599
2014-05-12,9861
2016-12-19,8276
2020-05-30,5715
2020-05-31,5792
2015-05-05,10941
2017-10-21,4417
2017-11-16,9406
2016-05-29,4925
2018-07-21,3972
2010-06-13,2193
2010-06-29,4853
2013-03-04,10265
2017-08-14,8145
2017-08-15,8186
2020-07-03,7205
2016-07-02,4604
2020-10-30,6520
2019-06-17,7101
2020-11-08,4055
2020-11-15,4378
2015-08-12,10853
2015-08-14,9358
2016-10-29,4302
2020-08-06,7545
2019-03-15,8026
2019-07-12,7221
2018-02-18,4522
2018-02-17,4466
2020-09-01,7030
2020-09-08,7096
2020-09-09,7248
2016-12-02,9042
2016-12-09,8858
2017-11-24,7220
2010-12-27,3715
2016-12-23,7155
2013-05-07,10482
2016-12-24,3785
2011-11-10,7896
2019-09-05,7542
2011-11-28,7657
2015-10-08,10819
2017-01-08,4872
2010-11-10,5895
2014-07-23,10910
2019-09-30,7131
2017-01-26,9185
2019-10-09,8072
2019-10-10,8259
2019-10-11,7567
2013-06-27,11225
2012-02-03,8280
2014-08-26,9633
2013-07-14,4644
2015-12-15,10665
2014-09-29,9182
2016-09-12,8113
2018-01-19,8314
2020-09-22,7258
2014-10-24,8538
2020-01-12,3922
2017-04-23,4998
2012-05-17,8809
2010-08-16,4708
2012-06-01,8499
2014-11-20,10362
2012-04-11,9284
2013-09-02,8753
2020-01-18,4109
2010-07-13,5443
2011-12-14,8456
2017-01-19,10100
2018-11-22,7276
2011-06-09,7709
2018-11-28,8523
2010-06-09,4762
2013-09-03,10364
2020-04-30,8695
2013-09-13,10434
2020-01-19,3993
2016-02-12,10049
2013-10-08,11754
2011-05-24,7712
2013-12-22,5120
2019-03-02,4419
2011-03-18,6967
2011-04-02,3725
2020-04-14,8429
2014-03-25,12305
2020-04-15,8763
2020-04-21,8561
2011-06-29,7756
2011-07-04,5755
2015-02-21,5689
2011-09-03,3358
2018-12-18,7958
2013-06-01,5305
2015-10-25,5320
2012-01-08,4616
2015-11-04,10463
2012-01-17,8502
2014-08-17,4323
2017-02-12,5261
2017-11-11,4676
2017-11-12,4683
2020-06-28,5358
2017-04-04,10341
2016-08-18,9575
2016-01-09,5574
2018-08-10,8163
2013-09-20,10339
2017-06-30,8785
2017-05-08,9121
2020-03-26,7221
2020-02-07,7464
2011-04-20,7611
2010-09-28,5135
2015-01-26,8169
2011-01-17,5858
2015-01-27,9768
2016-06-04,4957
2014-02-28,12420
2015-04-05,4872
2016-07-23,4738
2011-02-11,6182
2014-05-16,6759
2012-03-08,8462
2016-10-17,8958
2018-03-12,8456
2019-06-04,7353
2017-09-04,7063
2018-12-25,3365
2017-09-05,8579
2017-09-12,9138
2014-01-16,11887
2018-06-20,8693
2018-08-27,7599
2019-11-12,7855
2011-01-24,6313
2013-01-25,9658
2013-01-27,5362
2017-12-07,8713
2017-12-14,8682
2017-12-15,7517
2013-04-03,11689
2018-09-15,4012
2012-06-26,9724
2016-10-07,9063
2010-05-14,4063
2010-10-15,4825
2016-02-21,5882
2015-05-10,5252
2018-08-20,7452
2010-04-11,2081
2011-03-08,7217
2017-08-09,10220
2019-12-16,7199
2020-02-22,4208
2019-12-18,7676
2011-10-07,6521
2012-07-14,4411
2012-08-08,10121
2019-01-27,4396
2012-10-15,9097
2016-03-28,8521
2013-11-27,11686
2016-04-12,11351
2016-06-29,10791
2018-12-07,7145
2020-09-29,7437
2020-09-30,7512
2018-01-01,3387
2018-01-03,7624
2020-07-24,7603
2020-10-10,4303
2016-05-16,8959
2012-12-21,8524
2020-12-06,4452
2015-08-28,9655
2019-07-24,8308
2020-12-26,3708
2015-09-04,9366
2019-08-03,3596
2019-08-04,3375
2019-08-11,3309
2014-01-01,4977
2016-04-29,10049
2017-03-01,10392
2014-02-03,10914
2018-06-13,8908
2013-11-09,5783
2012-03-25,4361
2017-06-29,9915
2014-12-23,8145
2014-03-09,6196
2016-07-06,9472
2017-10-18,8837
2014-03-10,11419
2016-06-19,4469
2014-02-20,13325
2015-08-01,4819
2018-06-03,4057
2014-09-13,4575
2014-04-29,11413
2019-04-05,7915
2019-02-04,7573
2016-03-17,11149
2013-08-01,11878
2015-01-09,9074
2015-03-18,10523
2020-03-27,7073
2017-07-15,4709
2011-12-31,3243
2018-09-30,4062
2017-06-02,8999
2018-11-03,3906
2011-05-07,3629
2012-09-02,4261
2013-03-25,10350
2019-05-28,7849
2011-07-14,7775
2015-12-14,9651
2017-03-28,10508
2017-10-08,4485
2012-12-22,4515
2010-06-02,4695
2011-06-27,6903
2012-11-18,4974
2012-11-20,10127
2012-02-04,4544
2018-05-19,4176
2020-06-21,5460
2018-07-24,8812
2010-06-18,4167
2012-05-07,7915
2010-07-22,5420
2010-08-08,2249
2010-08-09,4646
2014-11-19,10489
2018-05-17,8839
2019-11-05,7989
2017-07-06,10079
2013-07-07,4476
2010-09-21,5072
2010-12-23,4834
2010-11-17,5855
2010-11-18,5911
2010-11-28,3035
2010-12-05,3080
2014-04-05,6326
2018-03-10,4685
2019-04-22,6214
2014-11-02,5171
2010-07-20,5251
2020-06-03,9003
2013-01-08,10246
2010-09-11,2208
2012-11-01,9340
2013-02-27,11627
2013-02-28,11635
2016-08-11,10267
2010-05-15,2096
2011-11-01,7119
2011-04-22,5537
2011-04-27,7876
2011-07-31,3580
2019-05-09,8033
2019-02-13,9336
2015-04-30,11080
2015-05-25,8125
2020-11-04,6610
2019-06-29,3222
2020-08-03,6772
2016-11-01,7971
2015-08-18,10654
2013-04-05,10672
2018-02-13,8645
2016-11-19,5016
2020-08-27,7747
2020-08-28,6944
2016-12-14,9612
2020-11-29,4295
2010-10-16,2493
2016-12-26,5180
2013-05-09,10183
2018-03-26,8570
2013-05-14,10651
2014-07-09,10375
2018-03-29,8916
2019-09-17,7643
2019-09-24,7886
2017-01-17,10038
2017-01-24,10089
2018-04-25,8898
2013-06-13,10676
2017-01-27,8883
2019-10-12,4201
2018-05-15,8530
2019-11-03,3945
2013-07-08,9769
2015-11-21,5341
2019-11-10,3922
2014-09-11,10108
2010-05-16,2201
2020-09-20,4151
2017-08-23,9939
2020-06-25,8505
2017-05-11,10206
2013-12-13,10495
2020-04-12,5945
2010-06-07,4205
2012-05-03,9260
2012-05-18,8381
2017-04-24,9408
2010-07-29,5258
2010-08-13,4683
2012-03-19,8651
2012-04-08,4294
2010-04-21,4368
2012-04-13,8784
2015-12-18,9110
2011-11-12,3847
2010-06-25,4092
2013-05-19,5092
2013-05-29,11282
2014-07-26,4877
2011-12-21,7835
2019-12-30,6010
2015-02-19,10822
2014-01-07,11290
2017-08-25,8130
2018-12-14,7351
2012-09-18,9310
2010-09-22,5145
2020-04-19,6323
2020-02-12,8443
2011-05-27,6940
2012-06-21,9698
2018-10-03,8366
2016-02-23,11099
2013-11-03,5508
2017-07-22,4890
2012-09-16,4218
2012-10-18,10380
2018-04-20,8194
2012-01-05,8710
2016-01-04,8832
2016-01-07,10258
2014-10-06,8149
2017-03-25,5381
2017-11-13,8552
2016-08-19,9144
2020-01-09,7960
2012-05-05,4817
2017-04-14,7695
2014-11-07,9233
2010-08-03,5067
2018-08-17,7741
2016-02-03,10990
2018-10-23,8707
2016-02-08,9512
2015-01-03,4908
2020-03-30,7624
2011-02-27,3627
2016-03-29,10947
2010-09-29,5016
2013-11-28,10074
2012-11-02,8874
2017-09-29,8032
2012-11-07,9636
2014-03-12,13060
2014-03-27,12534
2020-02-25,8217
2014-06-24,9876
2011-02-12,3487
2017-06-27,9385
2014-06-29,4163
2015-07-05,4608
2020-07-10,7742
2015-08-04,10642
2020-06-15,8017
2018-06-23,3958
2015-04-07,10114
2019-12-05,8010
2018-09-03,6430
2019-11-15,8059
2017-12-05,8852
2013-01-28,9901
2016-07-25,9397
2013-02-04,9543
2011-09-26,7114
2014-12-07,5033
2015-07-10,10303
2014-12-09,9990
2018-10-10,8632
2018-10-20,4193
2016-04-02,5439
2020-07-15,8280
2017-03-08,10488
2015-07-20,9622
2010-04-14,4445
2011-10-08,3509
2019-12-20,6135
2011-10-10,6606
2019-12-23,5837
2019-01-17,8322
2013-11-13,12008
2017-09-24,4450
2012-10-13,4888
2013-11-18,10826
2015-01-23,9142
2020-03-28,5124
2011-03-09,7797
2015-02-02,8778
2013-01-15,10202
2011-03-29,7838
2017-08-20,4548
2015-07-30,10668
2020-09-27,4304
2013-08-31,5221
2011-08-07,3807
2018-12-09,4033
2018-03-16,8615
2019-06-05,7386
2020-10-24,4139
2020-12-10,7020
2020-12-30,6414
2021-01-09,4719
2021-01-12,7474
2013-07-15,10089
2012-02-21,9105
2012-12-02,5151
2014-02-01,6199
2016-03-04,10709
2014-12-24,6230
2012-12-12,10418
2011-01-11,6339
2016-09-13,9104
2016-09-18,4666
2020-05-07,9303
2018-01-21,4496
2017-10-19,8396
2011-09-06,7452
2017-03-15,10873
2019-04-09,8627
2015-01-28,10157
2019-05-16,8333
2012-08-27,8415
2017-03-05,5533
2019-11-30,3873
2013-10-27,5677
2018-11-04,4256
2020-03-03,8083
2011-02-17,7036
2016-02-28,5814
2012-04-18,10180
2013-08-24,5246
2013-04-19,10089
2013-12-03,11567
2013-03-23,5659
2011-03-24,7858
2016-08-29,8888
2015-11-01,4729
2018-11-19,7436
2015-06-13,4876
2011-07-21,7908
2011-09-08,7642
2011-09-13,7666
2010-05-31,3188
2017-10-09,8338
2018-11-24,3958
2011-06-11,3406
2011-08-24,8279
2016-06-16,10732
2018-05-05,4499
2015-11-18,10825
2017-02-18,5567
2016-07-13,10277
2012-04-01,4546
2012-05-08,9307
2013-09-27,10578
2017-06-12,8874
2011-03-02,7321
2018-05-20,4112
2010-09-02,4979
2010-11-08,4967
2018-09-20,8504
2010-11-15,5407
2010-12-10,5496
2010-12-12,2823
2011-04-18,7148
2016-09-03,4489
2011-09-23,7113
2019-04-16,8452
2020-06-05,8314
2010-09-12,2274
2017-11-18,4825
2016-07-30,4633
2013-03-01,10535
2013-03-03,5616
2016-08-12,9208
2014-02-08,6369
2011-10-23,3598
2010-07-24,2381
2011-04-25,5698
2010-08-28,2353
2010-10-17,2531
2015-08-24,9654
2019-04-29,7130
2020-06-10,8767
2014-05-23,9826
2019-05-06,6990
2014-05-30,9379
2019-05-11,3792
2016-09-28,10431
2014-06-09,8421
2019-06-15,3733
2019-06-20,7751
2016-10-23,4579
2020-11-06,6374
2020-08-04,7509
2019-07-05,6634
2015-08-19,10744
2014-04-13,5620
2020-08-11,7642
2018-02-07,9226
2018-01-06,4374
2019-05-26,3549
2019-06-02,3625
2019-05-31,6938
2016-12-01,9890
2020-11-23,6932
2010-12-25,1878
2012-04-29,4397
2017-04-10,9312
2013-12-24,7314
2011-06-22,8110
2014-01-23,12474
2018-11-30,7382
2013-07-09,11160
2012-11-28,10809
2020-01-10,7355
2010-09-13,4456
2011-03-20,3744
2011-07-07,7784
2010-11-07,2533
2010-11-09,6061
2020-02-16,4188
2010-12-11,2980
2013-03-27,11002
2014-04-07,11150
2020-09-24,7462
2010-08-24,5358
2017-11-19,4409
2010-06-11,4298
2010-08-19,5379
2011-10-19,7774
2017-08-17,9856
2011-11-03,7913
2011-03-25,6922
2011-04-26,7360
2011-08-01,6949
2011-10-29,3505
2020-11-17,7102
2014-05-24,4922
2012-12-28,7415
2019-02-12,8730
2012-12-30,4547
2014-05-31,4371
2020-07-06,7773
2018-02-01,8735
2020-11-10,6976
2019-06-26,8278
2016-10-26,9960
2020-08-05,7759
2019-07-11,8029
2020-08-20,7580
2016-11-15,9678
2018-02-16,8051
2020-08-22,4463
2016-11-22,9803
2016-11-25,7853
2019-06-01,3533
2016-12-12,8498
2015-08-25,10601
2020-12-02,7060
2012-07-15,4309
2010-10-03,2253
2019-09-02,5739
2018-03-24,4811
2017-01-02,6732
2011-11-24,6990
2017-01-07,5125
2018-04-03,8832
2014-07-16,10554
2018-04-10,9053
2011-12-11,4093
2019-10-02,7507
2014-07-31,10424
2014-08-07,10188
2012-01-10,8451
2017-02-01,10119
2019-10-19,4050
2019-10-24,7817
2018-05-12,4248
2013-07-20,5117
2017-04-06,10512
2011-08-12,7424
2013-12-28,5471
2017-09-27,9444
2017-10-31,8829
2013-04-07,5676
2018-07-26,8553
2016-01-17,5275
2013-09-17,11140
2018-08-22,8208
2018-08-29,8885
2017-05-16,10181
2010-10-29,4843
2013-08-28,11280
2016-01-12,10646
2011-11-09,7900
2012-04-26,9267
2014-05-28,10744
2012-05-10,9427
2015-10-07,10518
2015-10-10,5145
2013-06-03,9179
2012-09-21,8771
2010-04-26,4214
2016-04-22,10417
2011-08-15,6357
2017-03-30,10599
2020-04-29,8813
2014-10-26,4874
2016-05-05,10015
2020-05-04,8392
2018-08-02,8731
2010-08-01,2296
2010-08-18,5515
2017-05-01,6683
2014-11-22,5201
2011-05-17,7620
2013-10-02,10147
2011-01-01,2093
2011-01-06,6151
2017-07-29,5041
2017-05-23,10206
2014-12-12,8892
2017-07-14,9047
2012-09-26,10085
2011-07-03,3288
2017-08-28,8109
2019-09-29,3701
2019-10-04,7082
2018-04-28,4329
2015-11-06,9368
2020-01-01,3423
2012-01-27,7668
2017-02-11,5305
2015-11-13,9254
2014-08-25,8576
2015-12-23,9000
2016-07-08,9076
2018-07-23,7897
2010-06-15,4639
2020-01-14,7677
2010-07-02,4057
2013-09-15,5428
2020-01-21,8055
2014-11-12,10168
2012-08-22,9503
2011-01-16,3475
2016-06-08,10539
2019-02-06,8592
2012-12-24,5582
2014-03-02,6320
2017-10-24,9521
2017-11-25,4210
2019-03-05,8920
2011-02-10,6841
2015-06-18,10932
2012-03-02,8629
2013-04-17,11501
2013-10-22,11704
2014-06-21,4393
2015-06-23,10939
2014-06-14,4501
2020-09-25,6918
2019-04-24,8403
2017-03-03,10013
2010-04-04,1874
2015-07-08,11358
2018-03-14,9221
2017-09-07,9171
2017-09-14,9387
2019-11-28,7535
2016-06-13,9050
2015-12-08,10359
2018-07-06,7644
2018-05-27,3963
2010-10-04,4326
2015-11-26,9282
2011-01-26,6494
2018-09-11,8311
2020-06-30,8148
2014-03-24,11628
2017-12-10,4180
2013-02-09,4823
2017-12-27,6524
2013-04-02,11088
2014-04-11,11208
2013-10-17,11353
2014-09-26,9237
2012-08-05,4227
2017-07-09,4484
2018-12-06,8026
2014-05-18,4663
2015-07-13,9893
2011-10-01,3548
2015-02-09,9462
2020-06-23,8358
2011-04-30,3712
2019-05-24,7258
2012-07-16,9054
2016-07-18,8966
2016-10-20,10320
2020-10-12,6533
2020-09-12,4064
2020-10-19,6794
2013-02-21,11159
2020-12-08,7072
2020-12-23,6411
2019-08-06,7745
2019-08-13,7342
2015-09-20,5046
2014-01-29,12846
2014-09-09,9543
2019-11-18,7912
2016-06-18,4810
2012-12-04,10258
2020-03-08,3968
2014-12-17,9594
2012-03-24,4681
2020-05-14,9316
2014-12-22,7834
2015-05-02,5715
2011-02-25,6758
2013-01-20,5193
2014-02-13,12477
2019-03-18,8033
2014-04-18,8786
2017-10-02,7476
2019-03-25,7743
2012-02-26,4918
2014-04-28,10501
2012-10-21,4939
2019-04-04,8855
2015-01-08,9680
2016-03-19,5554
2015-01-11,4916
2015-05-29,10335
2015-06-03,11473
2014-10-28,9879
2012-09-06,9789
2012-03-07,9268
2017-07-12,10229
2011-03-14,6934
2020-03-01,4138
2013-11-01,9403
2012-09-01,4406
2013-08-16,9925
2018-02-22,9417
2015-06-08,9734
2014-06-12,9760
2018-12-21,6320
2020-05-29,8337
2011-06-26,3512
2011-08-22,7196
2015-02-24,10620
2011-08-27,3512
2020-04-24,8371
2010-06-17,4712
2013-09-22,5258
2012-02-06,7941
2017-06-10,4734
2018-10-28,4130
2011-07-13,8004
2019-03-30,4191
2020-02-15,3873
2010-11-30,6056
2010-12-07,5967
2012-03-22,9461
2011-04-15,6945
2013-03-28,11161
2011-07-28,8045
2018-03-09,8330
2019-04-19,6003
2014-05-13,10489
2019-04-21,3668
2011-01-19,6664
2018-09-08,4099
2018-10-08,7547
2016-06-01,10430
2010-06-12,1993
2016-08-02,10081
2010-07-17,2346
2012-03-27,9531
2016-08-07,4182
2017-08-13,4274
2017-08-18,8882
2011-08-02,7849
2018-09-18,8463
2020-08-16,4676
2018-02-02,8281
2015-04-19,5977
2019-05-04,3866
2016-07-03,4393
2020-06-13,5362
2015-05-24,4907
2013-01-18,9805
2020-10-29,7123
2020-11-13,6371
2016-10-27,9798
2020-08-09,4624
2016-11-14,8542
2016-12-16,8450
2020-09-10,7211
2018-02-12,8433
2018-02-15,8687
2016-11-16,10281
2016-12-06,9639
2016-12-13,9278
2020-11-18,7296
2020-12-01,6925
2021-01-17,705
2020-11-28,4226
2018-09-23,4032
2011-07-18,7237
2015-06-15,9621
2014-06-15,4247
2011-06-14,7771
2011-08-20,3766
2011-08-21,3559
2014-01-21,12235
2011-08-30,7648
2013-01-12,5441
2017-12-02,4456
2020-02-02,3952
2014-11-25,10457
2018-10-06,4172
2013-11-30,5768
2010-11-05,5018
2013-10-11,10232
2010-12-01,5921
2010-12-08,5926
2010-12-09,6000
2016-09-01,9798
2020-07-19,5020
2018-03-06,8747
2011-09-24,3571
2020-06-01,7916
2017-11-17,8651
2010-10-01,4641
2010-10-02,2308
2015-06-16,10911
2013-02-24,5377
2016-08-05,9016
2012-05-28,7025
2012-12-09,5091
2014-11-30,4983
2017-05-14,4613
2012-12-11,9756
2011-11-06,3783
2010-07-25,2310
2010-08-29,2295
2020-02-09,4202
2011-08-05,7710
2011-10-27,7379
2018-09-17,7758
2015-08-05,10788
2020-11-16,6561
2020-08-14,6900
2014-05-21,10981
2014-06-05,10367
2019-05-13,7281
2020-08-13,7686
2016-11-08,9527
2018-01-31,9144
2019-06-18,7911
2016-10-22,4833
2020-11-09,6359
2019-06-25,7904
2020-08-08,4474
2015-08-22,5093
2016-11-06,4848
2015-08-23,5051
2020-09-02,7503
2016-12-10,4705
2020-11-26,6473
2012-11-06,9690
2015-03-14,5282
2015-09-26,5021
2019-08-31,3410
2014-07-02,10236
2015-10-03,5088
2019-09-09,6895
2013-05-20,9332
2013-05-21,10522
2014-07-18,9348
2018-04-08,4368
2019-09-19,7980
2015-10-14,10702
2013-05-27,8386
2011-12-18,3764
2013-06-07,10124
2019-10-06,3724
2012-01-12,8422
2012-01-23,7803
2012-01-30,7833
2014-09-08,8555
2017-02-24,9877
2015-12-03,10603
2020-09-19,4168
2014-01-11,6237
2016-01-15,9339
2017-04-17,7831
2013-01-04,9014
2016-10-11,8961
2015-08-07,9651
2016-12-18,4177
2012-04-25,9480
2018-07-19,9083
2010-06-22,4880
2014-11-15,5040
2016-02-01,9773
2010-08-31,5072
2015-12-10,10413
2012-03-20,9050
2014-09-23,10106
2012-04-06,6854
2012-04-07,4582
2013-08-14,11640
2020-01-07,7515
2018-07-20,8042
2015-10-04,4850
2011-11-23,8257
2018-04-17,9088
2015-11-08,4881
2017-03-13,9206
2010-05-03,3600
2012-10-10,10286
2016-01-22,9857
2016-05-19,11023
2012-05-27,3933
2011-05-19,7634
2012-06-05,8741
2010-09-05,2163
2017-05-12,9147
2012-06-13,9763
2020-02-17,7241
2011-10-21,7101
2011-02-08,6536
2013-11-04,9619
2020-03-05,8169
2018-11-07,7769
2017-11-06,8327
2013-02-23,5862
2015-05-20,11295
2012-09-15,4071
2016-04-24,5449
2020-04-27,8428
2017-01-22,5000
2014-08-06,10130
2014-10-03,7893
2013-06-16,4664
2014-08-14,10124
2018-05-14,8088
2020-06-17,8781
2017-03-23,10791
2019-02-19,8692
2017-11-07,9328
2013-01-22,10582
2013-08-29,11231
2018-01-13,4164
2010-05-28,4191
2010-05-29,2132
2010-08-04,5134
2010-08-05,5258
2020-02-01,3951
2018-08-24,7789
2016-03-12,5711
2015-01-04,4993
2015-01-06,8983
2016-03-30,11323
2017-05-20,4994
2015-03-30,9867
2019-02-08,7792
2017-10-22,4660
2012-07-02,8371
2017-06-24,4660
2017-06-25,4099
2015-06-25,10950
2016-09-26,9475
2013-07-27,5245
2019-01-14,7240
2018-07-30,7915
2017-09-01,7939
2012-10-11,10470
2019-01-07,7198
2010-04-06,4169
2015-04-25,5953
2010-10-10,2403
2010-10-11,4482
2020-02-19,8561
2013-02-06,11005
2017-12-29,6078
2013-02-16,5547
2013-05-02,10506
2019-05-23,7761
2015-01-22,9972
2018-10-31,8355
2020-04-10,7643
2012-11-15,9770
2013-12-11,12165
2018-10-13,4317
2019-12-13,7418
2011-10-02,3307
2020-07-13,7620
2015-07-27,10066
2015-07-28,11017
2011-10-11,7413
2011-02-15,6811
2020-03-15,4156
2019-01-24,8684
2012-08-12,4229
2016-05-12,11030
2016-06-14,10443
2017-07-19,10804
2014-03-04,12282
2019-02-26,8496
2016-12-20,9118
2020-10-14,7334
2019-06-07,6971
2020-12-21,6402
2015-09-01,9803
2020-12-28,5895
2019-07-30,7791
2021-01-07,7001
2015-11-23,9681
2014-01-30,12110
2012-11-30,9223
2013-11-05,10704
2014-01-31,11111
2017-02-26,5381
2018-12-02,3964
2010-04-08,4304
2019-12-28,3730
2016-03-05,5900
2016-03-06,5551
2020-06-16,8647
2014-02-07,11365
2013-03-13,12001
2013-03-14,11737
2011-01-12,6558
2014-02-17,10984
2012-08-03,9190
2016-09-16,8806
2012-12-17,8769
2015-03-13,9813
2015-03-15,5340
2019-03-31,4119
2014-01-04,6504
2018-12-20,7506
2012-03-31,4755
2012-12-18,9776
2016-03-23,10652
2015-01-15,9484
2011-03-21,7078
2011-12-28,6640
2018-05-13,4060
2013-10-28,10704
2011-03-12,3776
2013-11-24,5731
2010-04-23,4099
2013-08-23,10470
2012-07-09,8891
2015-01-21,9981
2015-07-02,10638
2014-07-27,4662
2020-04-09,8325
2012-09-08,4428
2016-04-09,5723
2013-12-26,7321
2017-08-31,9028
2015-12-28,7533
2014-10-13,8666
2011-06-23,7885
2011-08-29,6779
2019-11-07,7985
2018-05-23,9176
2017-05-03,10222
2019-11-08,7153
2013-12-01,5425
2016-08-21,4425
2018-11-17,4053
2016-02-16,10961
2010-11-12,5442
2010-11-13,2916
2010-12-02,6182
2010-12-17,5183
2018-09-25,8522
2011-04-16,3823
2011-04-17,3776
2016-10-13,10048
2011-07-26,7706
2014-04-08,11929
2018-03-07,8800
2013-03-31,5381
2019-04-17,8549
2014-05-11,5276
2011-01-20,6783
2016-05-30,8362
2016-08-06,4540
2010-09-25,2306
2012-12-10,9103
2013-08-03,5207
2011-11-05,3794
2010-08-11,5374
2011-04-24,3514
2017-05-30,9848
2019-03-16,4518
2019-04-28,4007
2015-05-22,10039
2016-07-01,9211
2020-07-04,4908
2014-06-07,4144
2019-06-24,7220
2019-07-03,7665
2020-08-07,7231
2019-07-13,3577
2018-02-08,9365
2020-08-23,4617
2016-11-23,10060
2016-12-03,4839
2020-11-24,7254
2011-09-16,6788
2018-02-24,4566
2011-04-08,7292
2015-06-06,5128
2011-07-20,7910
2015-03-23,9619
2015-03-24,10144
2020-05-21,8630
2020-05-22,8314
2016-01-14,10468
2011-06-15,7900
2018-11-25,4013
2014-01-22,12330
2012-11-21,10189
2012-11-22,8968
2014-03-14,11988
2012-01-22,4380
2016-02-09,10434
2016-04-17,5307
2010-11-06,2597
2010-11-22,5929
2010-12-19,2808
2019-05-29,8072
2012-01-29,4368
2013-03-30,5519
2018-07-29,3966
2014-10-20,9029
2013-03-05,11476
2016-08-14,4124
2011-04-23,3614
2010-09-16,5088
2011-08-04,8463
2011-10-28,6670
2017-05-29,8024
2020-08-15,4370
2019-04-27,4113
2014-05-20,10548
2012-12-27,7850
2017-10-12,9467
2016-06-30,10526
2017-10-13,8200
2016-11-07,9029
2020-10-31,4111
2020-07-28,7968
2020-07-29,8165
2015-08-13,10702
2016-10-28,8413
2019-07-04,6966
2018-02-09,8145
2015-08-06,10770
2020-08-24,7092
2016-11-24,8922
2020-11-25,7143
2019-01-13,3932